feature,importance
Previous Scores,0.8329210537107864
Hours Studied,0.1418719323236058
Sample Question Papers Practiced,0.013454031724165495
Sleep Hours,0.009753908589573817
Extracurricular Activities_Yes,0.0010061258220830538
Extracurricular Activities_No,0.0009929478297853993
